_bk7lAGkUEe2cW5_gHw6itA;_bk7lagkuee2cw5_;Board;type
_UdYs4MwNEeWZVvvwxpYu8A;_udys4mwneewzvvv;BaseUser;type
_dW6gAWkUEe2cW5_gHw6itA;_dw6gawkuee2cw5_;Column;type
_N5BPYGmoEe2sl80VZxYqHw;_n5bpygmoee2sl80;Cell;type
_dh6BYMwNEeWZVvvwxpYu8A;_dh6bymwneewzvvv;ConcreteUser;type
_UdYs4MwNEeWZVvvwxpYu8A;_udys4mwneewzvvv;_YIIgUMwNEeWZVvvwxpYu8A;_yiigumwneewzvvv;BaseUser;password;field
_UdYs4MwNEeWZVvvwxpYu8A;_udys4mwneewzvvv;_1aiCkG_QEeaqHezD6-M0AA;_1aickg_qeeaqhez;BaseUser;username;field
_UdYs4MwNEeWZVvvwxpYu8A;_udys4mwneewzvvv;_WYcYEM5BEeWKGIrSDzlNog;_wycyem5beewkgir;BaseUser;lastName;field
_dh6BYMwNEeWZVvvwxpYu8A;_dh6bymwneewzvvv;_fPY24MwNEeWZVvvwxpYu8A;_fpy24mwneewzvvv;ConcreteUser;baseUser;field
_N5BPYGmoEe2sl80VZxYqHw;_n5bpygmoee2sl80;_QoaN0WmoEe2sl80VZxYqHw;_qoan0wmoee2sl80;Cell;value;field
_dh6BYMwNEeWZVvvwxpYu8A;_dh6bymwneewzvvv;_gqkjUWvsEe29DrU9LWXeGA;_gqkjuwvsee29dru;ConcreteUser;dywaSwitchedTo;field
_bk7lAGkUEe2cW5_gHw6itA;_bk7lagkuee2cw5_;_g81d0WkUEe2cW5_gHw6itA;_g81d0wkuee2cw5_;Board;columns;field
_dW6gAWkUEe2cW5_gHw6itA;_dw6gawkuee2cw5_;_Wv9wAGmqEe2sl80VZxYqHw;_wv9wagmqee2sl80;Column;index;field
_dW6gAWkUEe2cW5_gHw6itA;_dw6gawkuee2cw5_;_PRuuwWmoEe2sl80VZxYqHw;_pruuwwmoee2sl80;Column;cells;field
_UdYs4MwNEeWZVvvwxpYu8A;_udys4mwneewzvvv;_fOkXgMwNEeWZVvvwxpYu8A;_fokxgmwneewzvvv;BaseUser;concreteUser;field
_UdYs4MwNEeWZVvvwxpYu8A;_udys4mwneewzvvv;_3QnzMM46EeWKGIrSDzlNog;_3qnzmm46eewkgir;BaseUser;image;field
_UdYs4MwNEeWZVvvwxpYu8A;_udys4mwneewzvvv;_VE6ToM5BEeWKGIrSDzlNog;_ve6tom5beewkgir;BaseUser;firstName;field
